temp_c,humidity,solarradiation,track_age,tmsi
26.055555555555557,73.4,296.7,17,0.19574611111111112
28.5,53.9,268.5,17,0.223295
30.333333333333332,49.1,319.8,32,0.3564566666666666
29.38888888888889,60.4,253.0,31,0.33831277777777774
31.72222222222222,52.7,305.1,26,0.32710944444444445
31.444444444444443,48.2,288.7,28,0.33897888888888883
32.388888888888886,39.4,283.2,35,0.4021227777777777
33.833333333333336,35.2,301.8,12,0.24590166666666669
33.77777777777778,40.9,306.7,8,0.21527555555555555
34.44444444444444,39.5,274.9,13,0.2602888888888889
32.77777777777778,48.5,282.7,20,0.2940055555555555
34.888888888888886,45.2,306.0,13,0.26529777777777774
36.5,39.8,294.6,26,0.380955
35.44444444444444,40.5,289.7,5,0.21155888888888888
33.44444444444444,45.3,281.0,6,0.19651888888888885
32.0,56.3,260.0,26,0.33024
32.44444444444444,62.0,256.1,27,0.3427488888888889
31.5,66.2,207.4,28,0.339605
28.61111111111111,81.0,211.5,6,0.14204722222222227
31.61111111111111,67.8,221.3,8,0.19085722222222226
31.055555555555557,71.7,234.8,15,0.23709611111111112
32.44444444444444,68.1,186.5,18,0.2752488888888889
32.833333333333336,69.8,160.1,35,0.40713166666666667
32.27777777777778,69.2,206.0,22,0.3033705555555556
26.444444444444443,93.6,76.2,21,0.23012888888888888
28.77777777777778,86.1,141.4,25,0.28642555555555554
29.5,86.9,230.4,8,0.167065
29.555555555555557,85.0,183.3,7,0.16019111111111112
28.833333333333332,87.6,138.3,24,0.27955166666666664
28.22222222222222,90.7,220.6,21,0.2501644444444444
29.555555555555557,83.4,249.0,39,0.4001911111111111
30.666666666666668,76.8,267.5,25,0.3077133333333334
32.833333333333336,69.9,272.5,6,0.1896316666666667
31.27777777777778,78.8,237.9,30,0.3521005555555555
29.88888888888889,85.9,214.2,14,0.21644777777777774
28.333333333333332,91.8,124.7,21,0.2514166666666666
29.666666666666668,84.6,166.4,23,0.2814433333333334
27.22222222222222,97.1,75.3,20,0.23139444444444443
26.944444444444443,98.1,80.0,38,0.36326388888888883
27.444444444444446,96.7,141.3,22,0.24889888888888886
28.444444444444443,89.8,180.0,21,0.2526688888888889
29.333333333333332,88.0,148.0,21,0.2626866666666666
29.666666666666668,88.1,168.9,25,0.2964433333333334
29.555555555555557,88.9,139.1,21,0.26519111111111116
29.555555555555557,87.0,181.3,24,0.2876911111111111
28.944444444444443,89.1,198.6,32,0.34080388888888885
30.444444444444443,86.2,172.9,8,0.17770888888888886
29.38888888888889,92.2,160.9,7,0.15831277777777775
30.88888888888889,82.6,230.6,31,0.35521777777777774
32.77777777777778,70.8,262.9,20,0.2940055555555555
33.22222222222222,71.7,234.5,28,0.3590144444444444
32.111111111111114,77.2,167.3,6,0.18149222222222222
32.166666666666664,72.4,249.1,10,0.2121183333333333
32.5,70.6,214.9,35,0.40337500000000004
31.27777777777778,80.8,176.7,24,0.3071005555555556
27.722222222222225,92.1,101.6,37,0.3645294444444446
29.61111111111111,84.6,148.8,14,0.21331722222222224
28.72222222222222,87.6,103.0,31,0.3307994444444444
27.88888888888889,92.3,123.3,11,0.17140777777777771
29.666666666666668,82.9,203.8,6,0.15394333333333338
31.055555555555557,78.3,243.4,27,0.32709611111111114
31.38888888888889,74.7,253.0,13,0.22585277777777774
30.72222222222222,78.9,204.6,11,0.20333944444444443
30.555555555555557,81.3,212.6,36,0.38896111111111115
29.333333333333332,86.8,153.0,22,0.2701866666666666
29.5,88.3,153.6,21,0.264565
31.38888888888889,73.4,242.8,18,0.26335277777777777
30.333333333333332,70.7,224.7,25,0.3039566666666666
30.444444444444443,72.7,239.4,20,0.2677088888888889
30.77777777777778,69.7,217.2,14,0.22646555555555556
30.77777777777778,71.0,175.0,30,0.3464655555555555
31.27777777777778,66.4,223.8,33,0.37460055555555555
31.555555555555557,61.4,242.6,7,0.1827311111111111
30.88888888888889,65.7,178.9,26,0.31771777777777777
30.72222222222222,70.0,123.9,34,0.37583944444444445
30.055555555555557,80.5,222.5,8,0.17332611111111113
31.88888888888889,72.2,249.3,24,0.31398777777777775
32.22222222222222,63.8,253.3,14,0.24274444444444443
32.611111111111114,64.0,252.4,26,0.33712722222222224
30.27777777777778,84.0,181.3,11,0.19833055555555557
31.88888888888889,75.2,238.1,17,0.26148777777777776
32.55555555555556,74.0,228.6,29,0.3590011111111111
31.11111111111111,80.9,147.6,14,0.23022222222222227
27.61111111111111,92.4,71.2,26,0.28077722222222223
29.166666666666668,75.9,201.5,21,0.2608083333333334
30.333333333333332,68.1,241.5,33,0.3639566666666666
30.77777777777778,63.7,242.9,19,0.26396555555555556
30.88888888888889,58.6,254.4,16,0.24271777777777773
30.72222222222222,62.5,253.1,31,0.35333944444444443
31.5,61.5,264.6,6,0.174605
31.61111111111111,62.8,250.4,25,0.3183572222222223
31.88888888888889,61.7,239.5,21,0.29148777777777773
32.333333333333336,60.6,255.9,7,0.19149666666666668
32.05555555555556,59.0,270.1,7,0.1883661111111111
31.61111111111111,57.8,269.7,14,0.23585722222222227
31.555555555555557,58.2,268.7,37,0.40773111111111116
32.0,61.8,245.2,32,0.37524
31.61111111111111,59.1,252.7,11,0.21335722222222225
30.77777777777778,65.3,248.2,24,0.30146555555555554
30.38888888888889,66.4,213.6,6,0.16208277777777774
27.22222222222222,87.2,83.0,8,0.14139444444444443
25.666666666666668,96.7,75.2,23,0.23636333333333337
27.722222222222225,85.8,175.1,37,0.3645294444444446
29.055555555555557,79.4,222.2,27,0.30455611111111114
30.833333333333332,76.3,196.9,11,0.20459166666666662
31.833333333333332,73.8,181.1,10,0.2083616666666666
29.444444444444443,82.1,164.0,17,0.23393888888888886
28.055555555555557,91.0,175.9,13,0.18828611111111113
28.333333333333332,87.8,144.5,7,0.1464166666666666
28.833333333333332,77.3,197.9,15,0.2120516666666666
30.61111111111111,71.2,220.4,39,0.4120872222222222
31.11111111111111,68.4,215.2,17,0.2527222222222223
31.0,71.0,215.0,14,0.22897
30.88888888888889,71.7,219.0,33,0.3702177777777777
28.388888888888886,84.4,185.8,27,0.29704277777777777
28.333333333333332,78.0,206.1,11,0.1764166666666666
29.38888888888889,72.4,221.4,8,0.16581277777777775
30.055555555555557,68.9,215.8,32,0.3533261111111111
29.61111111111111,65.1,240.3,9,0.17581722222222224
28.5,63.9,246.4,21,0.253295
28.944444444444443,62.4,244.1,7,0.15330388888888885
29.5,62.0,237.3,25,0.29456499999999997
28.88888888888889,59.8,240.6,5,0.13767777777777773
27.722222222222225,52.8,243.9,39,0.3795294444444445
27.22222222222222,49.0,245.1,12,0.17139444444444443
27.666666666666668,54.3,240.1,17,0.2139033333333334
27.61111111111111,53.8,240.6,27,0.2882772222222223
28.000000000000004,52.4,239.6,38,0.37515999999999994
28.944444444444443,58.1,230.2,6,0.14580388888888884
30.166666666666668,60.2,225.1,29,0.33207833333333336
30.444444444444443,58.9,214.9,13,0.21520888888888887
29.833333333333332,52.8,194.9,6,0.15582166666666658
27.944444444444443,55.9,230.2,18,0.2245338888888889
26.999999999999996,53.6,230.2,20,0.22888999999999998
28.111111111111107,55.5,220.8,18,0.22641222222222218
28.77777777777778,55.2,205.8,23,0.27142555555555553
27.555555555555554,58.2,205.6,6,0.1301511111111111
25.38888888888889,59.6,178.4,39,0.35323277777777773
21.944444444444443,77.2,169.0,14,0.12691388888888888
23.944444444444443,63.8,212.4,31,0.27695388888888883
23.61111111111111,60.1,216.8,21,0.19819722222222225
23.88888888888889,60.4,214.6,33,0.29132777777777774
23.77777777777778,59.8,213.6,26,0.23757555555555557
24.222222222222218,59.9,196.2,33,0.2950844444444443
24.166666666666668,63.4,208.7,25,0.23445833333333338
24.499999999999996,56.4,204.3,13,0.14821499999999999
24.111111111111114,57.9,205.4,16,0.16633222222222227
24.222222222222218,54.5,295.2,26,0.24258444444444435
23.72222222222222,52.2,212.3,23,0.21444944444444441
24.111111111111114,52.3,188.3,38,0.33133222222222225
24.166666666666668,56.6,200.5,11,0.1294583333333334
25.11111111111111,58.4,193.6,35,0.3201022222222223
24.833333333333332,67.1,189.4,21,0.2119716666666666
24.222222222222218,64.5,193.2,24,0.22758444444444434
23.5,71.9,191.7,31,0.271945
22.83333333333333,72.3,184.9,12,0.1219316666666666
22.722222222222225,75.8,186.9,32,0.27067944444444453
23.333333333333332,70.8,195.6,11,0.12006666666666661
22.61111111111111,64.9,194.7,22,0.19442722222222225
23.277777777777782,63.5,189.4,22,0.20194055555555565
23.444444444444443,66.1,184.6,28,0.24881888888888887
23.388888888888886,66.4,178.7,26,0.23319277777777775
20.27777777777778,84.5,138.6,28,0.21313055555555555
19.777777777777775,76.0,179.3,28,0.21
19.833333333333332,72.6,186.6,28,0.21
19.66666666666667,74.3,184.5,24,0.18
19.388888888888893,70.6,159.3,34,0.255
19.111111111111114,70.2,184.8,32,0.24
19.055555555555557,76.1,180.2,15,0.11249999999999999
20.11111111111111,73.2,173.0,39,0.29375222222222225
20.611111111111107,68.9,170.8,30,0.23188722222222216
19.944444444444446,68.1,161.0,37,0.2775
19.27777777777778,72.7,175.4,10,0.075
18.77777777777778,70.9,176.7,30,0.22499999999999998
17.77777777777778,67.8,177.6,14,0.105
18.22222222222222,68.6,175.8,24,0.18
18.277777777777782,70.1,173.9,21,0.1575
18.166666666666668,69.8,158.6,12,0.09
19.388888888888893,67.3,146.8,37,0.2775
18.5,75.1,66.2,20,0.15
17.72222222222222,86.9,87.9,23,0.1725
18.5,81.0,148.8,8,0.06
19.111111111111114,82.6,132.4,22,0.165
19.444444444444443,82.6,147.0,13,0.0975
17.88888888888889,83.6,150.2,13,0.0975
18.388888888888886,75.1,159.2,30,0.22499999999999998
19.388888888888893,71.6,136.3,38,0.285
17.944444444444443,69.5,163.1,9,0.0675
16.88888888888889,72.7,167.2,20,0.15
16.666666666666668,75.5,161.7,14,0.105
17.38888888888889,69.8,164.7,25,0.1875
16.944444444444443,69.5,167.1,38,0.285
15.61111111111111,68.7,166.9,24,0.18
15.444444444444445,67.8,165.7,16,0.12
15.833333333333334,72.3,160.2,10,0.075
16.22222222222222,69.7,162.5,16,0.12
15.333333333333334,65.5,164.2,26,0.195
15.055555555555555,66.2,163.8,25,0.1875
14.555555555555555,68.0,160.7,22,0.165
15.777777777777779,64.4,162.0,9,0.0675
14.555555555555555,71.5,165.2,36,0.27
14.5,64.9,167.4,29,0.2175
14.222222222222221,68.7,161.5,6,0.045
14.333333333333334,75.2,157.8,12,0.09
14.277777777777779,76.1,162.7,14,0.105
16.11111111111111,75.2,155.8,18,0.135
16.0,77.6,161.5,19,0.1425
14.833333333333334,81.7,161.8,12,0.09
13.944444444444445,85.1,155.5,39,0.2925
12.944444444444443,91.9,162.9,5,0.0375
12.833333333333334,91.0,137.6,33,0.24749999999999997
13.833333333333334,93.9,94.1,16,0.12
14.61111111111111,90.0,102.6,17,0.1275
13.277777777777779,87.0,121.7,21,0.1575
12.055555555555557,81.7,151.8,11,0.0825
11.166666666666666,82.2,133.7,38,0.285
10.777777777777779,87.8,130.6,30,0.22499999999999998
10.166666666666664,92.7,107.3,33,0.24749999999999997
11.944444444444445,92.9,92.7,14,0.105
12.111111111111109,84.9,140.6,21,0.1575
11.61111111111111,81.2,152.4,23,0.1725
10.944444444444446,88.2,151.8,14,0.105
10.88888888888889,90.8,161.2,30,0.22499999999999998
9.722222222222221,87.4,173.2,29,0.2175
10.666666666666668,83.4,158.8,14,0.105
10.222222222222221,83.5,177.6,16,0.12
10.944444444444446,86.7,126.3,30,0.22499999999999998
10.833333333333334,85.6,164.6,31,0.23249999999999998
10.388888888888891,80.7,152.2,24,0.18
10.166666666666664,88.4,163.1,32,0.24
10.833333333333334,82.7,172.7,21,0.1575
10.61111111111111,86.7,167.6,29,0.2175
9.944444444444445,89.7,154.5,33,0.24749999999999997
11.500000000000002,82.3,158.0,23,0.1725
9.277777777777779,90.1,184.4,6,0.045
10.444444444444443,82.7,170.0,36,0.27
11.944444444444445,84.9,169.3,7,0.0525
11.444444444444445,85.8,174.6,7,0.0525
10.88888888888889,87.1,168.9,9,0.0675
12.388888888888888,76.4,181.9,14,0.105
14.000000000000002,68.3,189.7,38,0.285
13.277777777777779,78.1,144.3,37,0.2775
14.11111111111111,84.1,185.3,16,0.12
12.722222222222221,92.3,185.0,37,0.2775
12.777777777777779,96.2,111.8,7,0.0525
15.166666666666666,94.1,124.3,17,0.1275
12.888888888888891,94.1,173.7,7,0.0525
13.944444444444445,74.5,184.2,5,0.0375
16.11111111111111,87.2,100.0,19,0.1425
16.11111111111111,83.7,159.1,21,0.1575
13.499999999999998,72.9,207.1,30,0.22499999999999998
13.555555555555555,67.7,206.1,6,0.045
14.333333333333334,66.3,214.8,7,0.0525
14.944444444444445,57.9,213.0,26,0.195
14.88888888888889,69.7,214.1,31,0.23249999999999998
15.166666666666666,73.7,214.0,19,0.1425
15.555555555555555,79.1,189.2,36,0.27
15.88888888888889,80.5,190.7,9,0.0675
16.666666666666668,76.4,213.3,13,0.0975
16.944444444444443,71.0,219.1,23,0.1725
17.27777777777778,63.5,224.5,7,0.0525
17.166666666666668,62.1,224.3,26,0.195
19.222222222222218,59.8,214.7,12,0.09
20.944444444444443,56.9,207.6,39,0.3031438888888889
20.944444444444443,72.4,176.8,6,0.05564388888888887
19.444444444444443,66.5,227.7,31,0.23249999999999998
18.944444444444443,51.6,222.3,11,0.0825
16.833333333333332,51.3,237.2,38,0.285
17.38888888888889,50.3,209.7,13,0.0975
18.333333333333332,44.9,232.6,10,0.075
18.833333333333336,42.9,199.8,23,0.1725
18.77777777777778,51.6,208.1,16,0.12
17.944444444444443,63.5,239.5,36,0.27
19.055555555555557,59.5,242.9,33,0.24749999999999997
21.611111111111114,56.7,200.3,12,0.10815722222222225
21.22222222222222,70.5,179.1,29,0.23127444444444442
19.388888888888893,62.4,189.9,19,0.1425
17.88888888888889,46.9,246.9,28,0.21
16.666666666666668,49.7,254.0,18,0.135
16.444444444444443,51.5,236.0,12,0.09
18.72222222222222,51.3,252.3,14,0.105
19.88888888888889,50.7,257.0,37,0.2775
19.055555555555557,53.4,262.3,16,0.12
19.833333333333332,52.4,248.8,14,0.105
23.166666666666668,47.5,255.5,26,0.23068833333333338
22.944444444444443,50.5,243.4,30,0.2581838888888888
22.333333333333332,54.9,233.7,17,0.1537966666666666
23.000000000000004,53.0,248.1,26,0.22881
21.38888888888889,45.6,274.4,17,0.14315277777777774
21.611111111111114,46.0,270.2,31,0.25065722222222225
21.888888888888893,49.0,260.9,21,0.17878777777777782
21.833333333333332,50.7,276.5,13,0.11816166666666661
23.000000000000004,49.2,275.0,25,0.22131
24.27777777777778,49.4,277.1,23,0.22071055555555555
23.055555555555557,62.3,263.4,31,0.2669361111111111
25.33333333333333,58.9,271.0,36,0.3301066666666666
26.5,51.2,277.7,23,0.24575499999999997
24.555555555555557,54.7,207.0,14,0.15634111111111113
24.944444444444446,58.7,278.5,35,0.31822388888888886
26.38888888888889,50.8,265.4,27,0.27450277777777776
28.944444444444443,44.3,272.1,9,0.16830388888888886
29.61111111111111,40.9,248.1,13,0.20581722222222226
28.72222222222222,51.4,264.6,7,0.15079944444444443
29.38888888888889,46.1,267.0,9,0.17331277777777776
28.77777777777778,44.4,280.8,23,0.27142555555555553
25.222222222222225,49.2,270.6,31,0.29135444444444447
26.11111111111111,36.0,288.3,6,0.11387222222222225
28.166666666666668,34.3,270.6,26,0.2870383333333334
29.72222222222222,31.4,275.7,18,0.24456944444444445
29.833333333333332,30.8,251.0,14,0.21582166666666658
28.61111111111111,29.2,301.3,29,0.31454722222222226
28.000000000000004,28.4,305.8,6,0.13516
28.944444444444443,29.0,297.4,22,0.26580388888888884
29.5,26.4,270.8,9,0.174565
29.555555555555557,28.6,301.7,10,0.18269111111111114
30.0,31.4,296.1,20,0.2627
30.88888888888889,31.5,297.1,18,0.2577177777777777
29.27777777777778,40.2,274.3,5,0.14206055555555555
26.38888888888889,57.9,238.3,33,0.3195027777777777
28.61111111111111,53.9,204.2,13,0.19454722222222226
29.944444444444443,38.9,286.7,34,0.36707388888888887
29.11111111111111,28.5,311.3,7,0.15518222222222225
30.88888888888889,26.7,292.4,25,0.3102177777777777
32.44444444444444,32.1,273.2,24,0.32024888888888886
30.88888888888889,36.2,282.6,31,0.35521777777777774
31.0,33.8,292.4,17,0.25146999999999997
31.0,31.9,293.3,32,0.36397
29.166666666666668,40.6,289.3,28,0.3133083333333334
29.61111111111111,41.5,312.9,30,0.3333172222222222
31.333333333333332,31.3,318.3,28,0.3377266666666666
31.72222222222222,34.0,289.5,37,0.40960944444444447
31.444444444444443,37.7,287.9,34,0.38397888888888887
31.166666666666668,31.7,290.2,25,0.31334833333333334
30.88888888888889,36.0,285.2,8,0.18271777777777773
29.72222222222222,30.2,328.1,10,0.18456944444444442
28.166666666666668,20.8,329.3,33,0.33953833333333333
28.666666666666668,25.1,330.7,26,0.2926733333333334
30.333333333333332,24.8,313.7,37,0.3939566666666666
32.666666666666664,24.1,305.1,25,0.3302533333333333
33.833333333333336,24.5,322.1,11,0.23840166666666668
34.111111111111114,27.9,306.3,12,0.24903222222222224
34.22222222222222,33.2,290.7,17,0.2877844444444444
32.22222222222222,50.3,309.3,32,0.37774444444444444
31.666666666666668,48.3,303.0,17,0.25898333333333334
32.55555555555556,49.0,300.6,5,0.17900111111111114
31.77777777777778,41.4,307.0,28,0.34273555555555557
33.0,41.2,263.8,18,0.28151
34.0,34.6,297.8,21,0.31528
33.833333333333336,30.1,320.6,12,0.24590166666666669
34.166666666666664,25.1,327.6,22,0.32465833333333327
35.05555555555556,29.7,328.6,13,0.26717611111111117
36.888888888888886,26.1,316.7,30,0.41533777777777775
37.111111111111114,26.0,321.9,21,0.3503422222222222
38.111111111111114,23.3,311.5,18,0.33911222222222226
37.888888888888886,23.3,320.7,28,0.4116077777777777
35.77777777777778,40.3,310.8,17,0.30531555555555556
36.0,44.1,306.1,5,0.21781999999999999
35.22222222222222,45.1,294.4,29,0.3890544444444444
35.44444444444444,43.8,295.0,31,0.40655888888888886
37.22222222222222,35.9,305.5,15,0.3065944444444444
37.888888888888886,27.0,326.2,15,0.3141077777777777
38.55555555555556,25.0,325.7,25,0.3966211111111111
38.55555555555556,23.8,331.1,31,0.44162111111111113
37.77777777777778,27.4,316.1,17,0.32785555555555557
39.05555555555556,23.0,316.7,30,0.4397561111111111
38.611111111111114,24.9,319.2,29,0.4272472222222222
36.5,27.4,291.7,31,0.41845499999999997
36.72222222222222,29.2,303.8,34,0.4434594444444444
37.166666666666664,29.1,308.8,18,0.3284683333333333
37.0,32.4,302.9,16,0.31159
37.833333333333336,28.3,302.2,5,0.2384816666666667
33.77777777777778,39.5,308.2,29,0.3727755555555555
35.666666666666664,29.9,302.8,25,0.3640633333333333
35.833333333333336,29.5,298.3,33,0.42594166666666666
36.0,25.3,325.0,33,0.42782
37.27777777777778,23.5,320.8,27,0.3972205555555556
37.166666666666664,24.1,317.9,21,0.3509683333333333
37.611111111111114,24.1,321.7,13,0.2959772222222222
38.77777777777778,23.4,307.9,22,0.37662555555555555
37.833333333333336,28.7,287.7,36,0.47098166666666674
38.27777777777778,27.8,304.9,5,0.24349055555555554
39.111111111111114,27.7,300.6,18,0.35038222222222226
39.5,28.8,283.3,18,0.354765
39.5,31.1,284.6,27,0.422265
38.94444444444444,33.2,297.3,21,0.37100388888888886
33.72222222222222,46.0,267.0,38,0.4396494444444444
31.833333333333332,60.4,254.6,19,0.2758616666666666
33.22222222222222,55.7,254.9,14,0.25401444444444443
33.44444444444444,59.3,275.8,12,0.24151888888888884
33.22222222222222,65.3,235.5,15,0.2615144444444444
33.833333333333336,63.3,235.4,36,0.42590166666666673
33.05555555555556,66.0,170.6,32,0.3871361111111111
30.666666666666668,79.4,124.7,22,0.2852133333333334
28.88888888888889,86.8,136.5,7,0.15267777777777772
30.333333333333332,84.1,169.4,30,0.3414566666666666
32.611111111111114,76.1,217.5,18,0.27712722222222225
32.111111111111114,72.6,179.4,27,0.33899222222222225
32.833333333333336,71.4,155.3,5,0.1821316666666667
29.555555555555557,87.2,105.7,9,0.17519111111111113
28.61111111111111,90.2,98.3,12,0.18704722222222225
29.61111111111111,87.4,146.9,36,0.37831722222222225
29.72222222222222,85.4,94.7,20,0.2595694444444444
29.833333333333332,76.4,155.2,31,0.3433216666666666
28.277777777777782,83.2,203.4,6,0.13829055555555564
29.555555555555557,87.0,229.8,27,0.31019111111111114
30.833333333333332,85.0,256.6,5,0.1595916666666666
33.333333333333336,73.3,255.2,21,0.30776666666666663
31.444444444444443,64.7,237.0,21,0.28647888888888884
30.27777777777778,78.0,205.5,21,0.2733305555555556
32.22222222222222,73.1,269.6,31,0.3702444444444444
31.333333333333332,79.3,206.6,19,0.2702266666666666
33.22222222222222,73.5,210.9,37,0.4265144444444444
32.666666666666664,77.1,245.1,35,0.4052533333333333
31.0,83.6,204.2,21,0.28147
31.5,82.9,223.8,27,0.332105
32.388888888888886,75.1,243.7,28,0.3496227777777777
32.666666666666664,77.0,225.7,6,0.18775333333333327
30.88888888888889,84.8,215.3,30,0.3477177777777777
31.444444444444443,84.5,226.7,25,0.31647888888888887
30.0,87.5,138.1,6,0.1577
31.166666666666668,83.8,213.7,7,0.17834833333333336
30.833333333333332,85.8,174.4,39,0.4145916666666666
31.27777777777778,85.7,168.5,26,0.3221005555555556
32.94444444444444,74.6,204.5,31,0.37838388888888885
33.55555555555556,70.6,240.9,22,0.3177711111111111
34.388888888888886,68.8,224.1,37,0.43966277777777774
31.833333333333332,78.7,98.4,10,0.2083616666666666
28.77777777777778,85.7,107.0,24,0.27892555555555554
29.72222222222222,86.3,186.1,34,0.36456944444444445
30.333333333333332,81.5,211.8,23,0.2889566666666666
30.5,77.8,197.0,15,0.23083499999999998
30.0,80.1,202.6,35,0.3752
29.944444444444443,80.1,160.4,6,0.15707388888888885
28.166666666666668,92.6,81.1,23,0.2645383333333334
28.555555555555557,89.7,190.0,6,0.1414211111111111
29.0,89.1,161.9,32,0.34143
28.88888888888889,90.0,166.8,13,0.19767777777777773
27.333333333333332,94.3,79.8,21,0.24014666666666662
27.444444444444446,95.2,72.0,16,0.20389888888888885
28.72222222222222,91.2,98.2,13,0.19579944444444441
30.61111111111111,83.8,145.7,14,0.22458722222222224
29.88888888888889,90.1,188.1,20,0.2614477777777777
30.055555555555557,86.1,168.4,30,0.3383261111111111
30.22222222222222,83.8,189.6,21,0.2727044444444444
30.77777777777778,81.2,168.5,31,0.35396555555555553
30.88888888888889,79.1,197.7,24,0.30271777777777775
28.555555555555557,86.5,136.1,18,0.23142111111111113
30.38888888888889,77.2,216.3,21,0.27458277777777773
31.0,76.2,225.5,14,0.22897
28.333333333333332,87.0,157.6,38,0.37891666666666657
30.27777777777778,82.2,214.3,15,0.22833055555555554
30.38888888888889,79.0,234.1,14,0.22208277777777774
29.944444444444443,82.0,200.3,13,0.20957388888888887
28.5,86.0,163.0,39,0.38829499999999995
28.000000000000004,88.5,179.4,30,0.31516
26.999999999999996,95.6,131.4,39,0.37139
29.38888888888889,82.8,231.3,23,0.27831277777777774
30.833333333333332,80.1,233.7,17,0.2495916666666666
31.666666666666668,76.9,221.4,19,0.27398333333333336
29.333333333333332,86.5,151.0,22,0.2701866666666666
30.833333333333332,79.1,189.3,15,0.2345916666666666
27.055555555555557,90.6,172.5,31,0.3120161111111111
28.277777777777782,85.4,167.6,13,0.19079055555555563
28.111111111111107,87.4,149.9,5,0.12891222222222218
27.444444444444446,88.7,129.4,38,0.36889888888888883
27.16666666666667,95.1,163.0,27,0.2832683333333334
28.833333333333332,89.8,186.4,22,0.26455166666666663
28.111111111111107,88.1,183.7,38,0.37641222222222215
28.388888888888886,87.0,113.8,21,0.2520427777777777
26.11111111111111,95.4,24.7,33,0.3163722222222222
24.0,98.2,45.6,27,0.24758000000000002
26.5,88.6,144.8,36,0.343255
28.22222222222222,81.1,223.4,22,0.2576644444444444
28.944444444444443,78.3,234.7,26,0.29580388888888887
29.055555555555557,78.1,176.7,5,0.13955611111111113
25.777777777777782,90.1,70.0,20,0.21511555555555564
26.722222222222218,88.8,182.5,23,0.24825944444444434
29.055555555555557,76.4,201.4,31,0.3345561111111111
30.0,75.8,179.9,19,0.2552
30.88888888888889,74.6,182.5,14,0.22771777777777774
30.944444444444443,78.6,233.8,9,0.19084388888888887
31.666666666666668,75.7,222.0,29,0.34898333333333337
30.944444444444443,77.6,168.8,36,0.3933438888888889
29.666666666666668,78.9,186.9,18,0.2439433333333334
29.333333333333332,75.6,156.6,5,0.1426866666666666
27.88888888888889,77.7,166.9,16,0.20890777777777772
28.77777777777778,77.5,193.2,20,0.24892555555555557
29.38888888888889,77.5,207.9,38,0.39081277777777773
29.666666666666668,77.6,222.6,5,0.1464433333333334
30.72222222222222,67.5,229.3,38,0.4058394444444444
30.333333333333332,61.7,234.9,12,0.2064566666666666
30.333333333333332,66.1,230.8,22,0.2814566666666666
30.166666666666668,67.7,224.1,33,0.3620783333333334
29.944444444444443,61.0,223.1,13,0.20957388888888887
29.22222222222222,66.3,227.8,24,0.28393444444444443
28.77777777777778,64.2,208.7,37,0.37642555555555557
28.166666666666668,64.6,224.8,37,0.3695383333333334
27.77777777777778,60.2,225.9,17,0.21515555555555554
26.833333333333332,61.6,227.9,29,0.2945116666666666
27.11111111111111,59.7,226.1,37,0.3576422222222223
27.5,53.3,214.3,14,0.189525
26.999999999999996,52.7,223.0,35,0.34139
26.5,53.9,220.0,25,0.26075499999999996
27.055555555555557,55.4,207.8,12,0.16951611111111112
27.88888888888889,55.6,208.9,5,0.12640777777777773
27.944444444444443,54.3,213.4,16,0.20953388888888888
28.277777777777782,54.5,212.2,27,0.29579055555555567
27.88888888888889,64.1,207.8,11,0.17140777777777771
27.22222222222222,69.4,199.9,17,0.20889444444444444
26.833333333333332,67.8,207.0,35,0.3395116666666666
26.611111111111114,67.0,203.0,37,0.35200722222222225
26.5,60.3,208.8,26,0.268255
25.611111111111107,61.8,206.8,18,0.19823722222222218
25.833333333333332,58.3,205.5,6,0.11074166666666661
26.666666666666668,68.6,199.9,28,0.28513333333333335
27.11111111111111,65.2,188.8,21,0.23764222222222225
27.61111111111111,67.3,195.9,19,0.22827722222222224
28.111111111111107,61.4,197.0,29,0.3089122222222222
26.944444444444443,63.9,198.2,21,0.23576388888888886
25.11111111111111,55.2,200.8,37,0.3351022222222223
25.0,56.8,198.1,32,0.29635
24.333333333333332,58.6,193.9,32,0.28883666666666663
23.833333333333336,63.7,192.7,27,0.2457016666666667
24.27777777777778,64.5,187.9,16,0.16821055555555556
24.27777777777778,66.5,183.8,6,0.09321055555555556
24.66666666666667,68.6,175.5,31,0.28509333333333337
24.388888888888893,72.0,175.5,31,0.2819627777777778
24.944444444444446,70.7,157.1,28,0.26572388888888887
24.499999999999996,73.7,177.2,38,0.335715
24.555555555555557,72.3,165.2,19,0.19384111111111113
24.555555555555557,65.3,177.4,21,0.20884111111111114
21.27777777777778,84.3,176.0,28,0.22440055555555555
22.11111111111111,74.5,176.8,36,0.2937922222222223
22.666666666666668,66.7,175.7,36,0.3000533333333334
21.999999999999996,67.8,176.8,37,0.30004000000000003
20.27777777777778,76.6,162.4,11,0.08563055555555557
18.277777777777782,85.6,166.6,38,0.285
18.166666666666668,70.9,178.6,8,0.06
18.388888888888886,64.2,179.1,26,0.195
18.166666666666668,59.5,178.5,16,0.12
18.5,66.6,160.4,11,0.0825
19.61111111111111,64.4,170.1,39,0.2925
20.27777777777778,59.7,171.2,26,0.19813055555555556
19.111111111111114,69.7,170.3,30,0.22499999999999998
18.61111111111111,66.0,172.0,9,0.0675
18.444444444444443,61.1,172.9,11,0.0825
17.88888888888889,63.1,172.5,25,0.1875
17.555555555555557,64.7,169.9,28,0.21
17.72222222222222,66.7,167.8,12,0.09
18.555555555555557,64.1,164.2,12,0.09
18.555555555555557,67.9,166.7,6,0.045
18.72222222222222,66.7,166.1,24,0.18
18.666666666666664,58.4,167.0,27,0.2025
16.666666666666668,51.5,170.8,11,0.0825
16.38888888888889,53.2,169.2,9,0.0675
15.61111111111111,54.9,168.7,17,0.1275
16.11111111111111,58.2,152.2,25,0.1875
14.666666666666666,69.8,161.4,29,0.2175
13.88888888888889,62.0,168.2,37,0.2775
13.222222222222221,48.2,170.6,34,0.255
13.277777777777779,56.7,169.2,22,0.165
14.000000000000002,54.4,170.9,20,0.15
13.833333333333334,50.8,169.1,16,0.12
13.166666666666668,56.7,169.7,11,0.0825
12.777777777777779,68.5,168.6,35,0.2625
13.666666666666666,70.8,166.4,18,0.135
12.722222222222221,78.7,166.7,5,0.0375
13.333333333333334,73.6,164.4,17,0.1275
15.055555555555555,74.9,149.8,22,0.165
14.555555555555555,74.0,163.3,10,0.075
15.0,71.2,162.8,12,0.09
14.5,78.4,96.3,26,0.195
14.88888888888889,80.8,140.2,8,0.06
14.5,82.4,157.0,36,0.27
15.333333333333334,76.8,162.4,14,0.105
14.555555555555555,94.3,42.0,20,0.15
14.833333333333334,96.2,35.2,12,0.09
13.333333333333334,93.5,129.3,18,0.135
11.38888888888889,92.9,149.1,8,0.06
11.722222222222221,86.1,109.8,15,0.11249999999999999
10.444444444444443,90.8,166.8,33,0.24749999999999997
10.5,90.9,160.0,10,0.075
12.055555555555557,91.0,155.2,28,0.21
12.666666666666664,92.8,168.4,36,0.27
12.0,89.0,130.3,38,0.285
12.611111111111112,90.6,111.9,27,0.2025
12.333333333333336,92.8,159.5,8,0.06
12.777777777777779,80.3,171.9,29,0.2175
13.166666666666668,77.4,173.2,38,0.285
11.777777777777779,90.3,170.2,36,0.27
12.166666666666666,93.1,134.6,35,0.2625
12.611111111111112,91.4,104.9,5,0.0375
12.611111111111112,90.4,173.0,28,0.21
12.944444444444443,87.3,176.8,26,0.195
11.944444444444445,93.2,124.1,19,0.1425
13.555555555555555,89.1,137.4,20,0.15
11.833333333333332,90.9,181.4,14,0.105
13.833333333333334,84.8,138.5,17,0.1275
16.72222222222222,78.9,174.4,18,0.135
16.72222222222222,78.6,179.4,21,0.1575
16.055555555555557,74.6,181.9,20,0.15
16.055555555555557,76.9,183.7,38,0.285
17.11111111111111,71.5,180.4,22,0.165
15.61111111111111,67.5,189.8,24,0.18
14.722222222222221,60.4,194.9,18,0.135
14.38888888888889,60.6,197.5,17,0.1275
14.166666666666666,67.3,197.7,10,0.075
14.555555555555555,65.3,197.9,21,0.1575
15.777777777777779,71.6,192.9,32,0.24
17.166666666666668,76.3,190.8,31,0.23249999999999998
17.444444444444443,81.2,191.4,28,0.21
16.666666666666668,86.6,182.3,18,0.135
15.5,85.5,194.1,26,0.195
15.61111111111111,72.3,204.2,10,0.075
18.444444444444443,66.5,127.4,33,0.24749999999999997
16.11111111111111,70.8,206.2,34,0.255
16.27777777777778,59.0,212.1,35,0.2625
15.055555555555555,54.9,212.1,38,0.285
16.27777777777778,53.3,208.5,14,0.105
16.944444444444443,60.3,209.9,12,0.09
18.277777777777782,63.2,195.2,27,0.2025
19.388888888888893,60.3,210.1,33,0.24749999999999997
18.444444444444443,59.9,216.1,28,0.21
17.83333333333333,52.1,221.6,15,0.11249999999999999
17.38888888888889,51.2,216.1,20,0.15
18.666666666666664,52.7,206.2,34,0.255
19.72222222222222,59.8,199.2,20,0.15
19.833333333333332,60.8,221.0,18,0.135
20.222222222222225,58.1,212.4,15,0.1150044444444445
19.72222222222222,56.9,196.0,38,0.285
20.444444444444443,68.6,170.6,37,0.2825088888888889
19.555555555555557,65.7,210.3,31,0.23249999999999998
17.444444444444443,75.0,218.3,27,0.2025
18.277777777777782,66.5,231.1,37,0.2775
18.88888888888889,68.9,233.7,30,0.22499999999999998
19.88888888888889,63.0,200.5,28,0.21
23.5,57.1,204.2,9,0.10694500000000001
21.833333333333332,63.8,103.4,14,0.12566166666666662
21.38888888888889,67.9,145.1,20,0.16565277777777773
21.611111111111114,76.2,184.9,10,0.09315722222222225
20.166666666666668,61.4,246.4,23,0.17437833333333339
20.888888888888886,50.3,242.2,27,0.21251777777777775
21.0,55.9,247.5,20,0.16127
17.555555555555557,50.6,259.7,14,0.105
18.72222222222222,41.6,258.0,36,0.27
19.88888888888889,48.7,255.3,11,0.0825
21.611111111111114,50.5,258.6,37,0.2956572222222223
23.72222222222222,51.6,253.0,28,0.25194944444444445
24.444444444444443,50.2,242.2,37,0.3275888888888889
25.500000000000004,53.3,240.9,13,0.159485
24.444444444444443,63.2,252.3,36,0.32008888888888887
25.33333333333333,56.8,249.0,28,0.2701066666666666
25.444444444444443,56.1,242.0,18,0.19635888888888886
24.88888888888889,50.7,244.6,18,0.19009777777777775
23.833333333333336,55.1,249.3,22,0.2082016666666667
22.77777777777778,59.4,255.5,6,0.07630555555555557
22.555555555555554,57.4,273.1,39,0.3213011111111111
23.944444444444443,49.6,267.7,20,0.19445388888888887
25.11111111111111,47.6,265.3,9,0.12510222222222225
24.0,49.7,277.3,10,0.12007999999999999
24.333333333333332,49.5,264.4,5,0.08633666666666662
25.222222222222225,45.2,281.1,16,0.1788544444444445
26.11111111111111,43.3,280.8,28,0.27887222222222224
27.555555555555554,38.5,281.4,20,0.23515111111111112
29.22222222222222,36.7,282.8,28,0.3139344444444444
28.944444444444443,36.9,270.5,14,0.20580388888888884
25.27777777777778,33.8,294.9,21,0.21698055555555557
22.38888888888889,28.3,255.8,9,0.09442277777777774
24.055555555555557,30.4,298.2,7,0.09820611111111113
25.444444444444443,31.5,298.8,18,0.19635888888888886
25.944444444444443,29.6,301.8,29,0.2844938888888889
26.444444444444443,32.9,301.5,19,0.21512888888888887
28.333333333333332,30.5,294.1,19,0.2364166666666666
29.61111111111111,26.7,296.8,37,0.38581722222222226
28.166666666666668,32.5,300.6,27,0.2945383333333334
28.944444444444443,34.6,299.0,31,0.33330388888888884
31.166666666666668,33.5,294.8,9,0.19334833333333337
32.27777777777778,33.5,294.2,13,0.23587055555555556
33.333333333333336,39.1,279.3,9,0.21776666666666666
32.22222222222222,35.8,256.6,7,0.1902444444444444
27.16666666666667,58.1,268.3,36,0.3507683333333334
26.944444444444443,52.9,277.6,38,0.36326388888888883
29.333333333333332,40.2,266.4,13,0.2026866666666666
29.77777777777778,43.4,296.2,25,0.29769555555555555
30.72222222222222,41.0,272.0,14,0.22583944444444443
31.77777777777778,39.7,272.3,36,0.40273555555555557
33.05555555555556,36.3,287.1,7,0.19963611111111113
32.22222222222222,45.6,298.0,11,0.2202444444444444
31.666666666666668,47.4,285.5,16,0.2514833333333334
32.44444444444444,46.9,267.5,27,0.3427488888888889
32.888888888888886,30.7,304.5,11,0.22775777777777773
31.166666666666668,18.1,326.1,39,0.4183483333333333
30.833333333333332,19.8,326.6,29,0.3395916666666666
32.05555555555556,19.7,323.0,29,0.3533661111111111
32.666666666666664,22.6,323.3,39,0.43525333333333327
32.27777777777778,23.9,291.2,29,0.3558705555555556
33.166666666666664,21.4,305.1,27,0.3508883333333333
32.94444444444444,29.2,306.7,7,0.19838388888888886
30.666666666666668,42.4,310.8,31,0.3527133333333334
31.333333333333332,45.3,302.3,29,0.3452266666666666
32.166666666666664,47.3,287.7,22,0.30211833333333327
25.38888888888889,70.8,273.3,17,0.18823277777777775
28.166666666666668,63.9,292.7,17,0.2195383333333334
30.27777777777778,53.9,276.5,16,0.23583055555555554
27.666666666666668,56.9,257.5,9,0.1539033333333334
29.0,55.0,279.0,12,0.19143
29.27777777777778,57.5,262.4,27,0.30706055555555556
30.61111111111111,54.2,262.3,22,0.28458722222222227
30.944444444444443,53.9,274.4,38,0.40834388888888884
29.77777777777778,61.3,263.9,13,0.20769555555555558
31.166666666666668,53.1,310.4,15,0.23834833333333336
32.44444444444444,38.3,305.5,10,0.21524888888888888
31.555555555555557,40.9,310.3,15,0.2427311111111111
32.72222222222222,39.3,317.8,38,0.4283794444444444
33.94444444444444,31.8,326.4,36,0.4271538888888889
33.77777777777778,37.7,311.2,16,0.27527555555555555
33.666666666666664,37.6,290.9,9,0.2215233333333333
35.05555555555556,38.7,311.5,17,0.29717611111111114
34.05555555555556,54.5,305.8,13,0.2559061111111111
34.77777777777778,52.1,314.2,25,0.35404555555555556
33.5,56.2,302.1,18,0.287145
29.38888888888889,59.2,282.1,17,0.23331277777777776
31.72222222222222,58.3,304.6,7,0.1846094444444444
33.611111111111114,52.4,285.9,38,0.4383972222222222
26.944444444444443,78.1,246.2,10,0.15326388888888887
29.833333333333332,73.5,261.8,37,0.3883216666666666
32.0,63.4,264.8,25,0.32274
33.55555555555556,61.5,288.3,11,0.23527111111111115
32.833333333333336,56.9,259.5,9,0.2121316666666667
31.055555555555557,54.2,259.5,39,0.4170961111111111
32.0,49.5,294.7,32,0.37524
29.944444444444443,55.9,254.3,15,0.22457388888888885
30.055555555555557,52.6,281.1,11,0.19582611111111115
29.166666666666668,52.5,273.3,25,0.2908083333333334
29.11111111111111,55.0,248.1,23,0.2751822222222222
30.61111111111111,48.4,278.9,29,0.33708722222222226
32.5,49.5,281.8,25,0.328375
34.22222222222222,45.6,301.7,35,0.4227844444444444
36.27777777777778,40.6,300.2,6,0.22845055555555555
37.0,34.7,314.8,28,0.40159
36.94444444444444,27.1,319.9,5,0.22846388888888886
37.27777777777778,35.3,312.9,15,0.3072205555555555
36.888888888888886,49.7,295.4,15,0.30283777777777776
35.333333333333336,54.3,276.5,19,0.3153066666666667
35.72222222222222,54.9,290.9,33,0.4246894444444444
32.05555555555556,62.7,252.0,21,0.2933661111111111
31.5,65.4,163.9,25,0.31710499999999997
29.27777777777778,81.0,153.6,10,0.17956055555555556
29.555555555555557,80.5,167.5,10,0.18269111111111114
31.166666666666668,72.5,187.4,28,0.33584833333333336
30.444444444444443,75.5,158.0,34,0.37270888888888887
31.77777777777778,72.5,220.1,31,0.36523555555555554
32.0,71.4,232.4,33,0.38273999999999997
31.72222222222222,72.5,199.6,33,0.3796094444444444
31.27777777777778,77.1,231.9,15,0.23960055555555557
31.333333333333332,80.4,137.3,5,0.16522666666666663
32.94444444444444,67.9,225.8,38,0.43088388888888884
33.5,63.0,224.0,7,0.20464499999999997
30.72222222222222,74.4,212.5,26,0.31583944444444445
28.333333333333332,85.9,120.0,18,0.22891666666666663
27.555555555555554,90.4,120.3,10,0.16015111111111113
29.666666666666668,80.3,165.7,31,0.3414433333333334
31.444444444444443,74.5,224.6,35,0.3914788888888889
32.0,73.5,194.7,13,0.23274
30.833333333333332,78.9,203.8,11,0.20459166666666662
31.72222222222222,76.0,207.8,12,0.22210944444444441
31.11111111111111,79.9,180.7,6,0.17022222222222227
28.833333333333332,81.0,150.7,17,0.22705166666666662
31.833333333333332,72.7,213.7,25,0.3208616666666666
29.11111111111111,80.9,181.8,36,0.37268222222222225
26.833333333333332,91.5,92.1,5,0.1145116666666666
28.88888888888889,84.3,191.7,34,0.3551777777777777
29.444444444444443,83.2,240.1,26,0.30143888888888887
28.944444444444443,84.5,182.0,5,0.13830388888888887
28.166666666666668,87.6,167.3,11,0.17453833333333338
28.833333333333332,82.3,189.6,24,0.27955166666666664
29.166666666666668,85.3,171.5,35,0.3658083333333334
29.333333333333332,80.7,78.6,10,0.1801866666666666
28.555555555555557,84.5,224.2,18,0.23142111111111113
29.833333333333332,74.0,212.0,16,0.2308216666666666
30.88888888888889,70.8,222.0,15,0.23521777777777772
29.555555555555557,80.6,72.5,12,0.19769111111111112
28.72222222222222,86.6,164.1,34,0.35329944444444444
28.666666666666668,87.1,78.4,11,0.18017333333333338
31.11111111111111,74.6,243.7,18,0.26022222222222224
32.44444444444444,70.7,248.0,10,0.21524888888888888
31.5,72.4,189.4,19,0.272105
31.944444444444443,72.1,212.1,39,0.42711388888888885
31.166666666666668,77.2,225.3,17,0.2533483333333334
28.333333333333332,90.4,134.3,17,0.22141666666666662
28.5,90.5,97.7,13,0.193295
27.16666666666667,96.2,69.0,20,0.23076833333333338
28.5,85.5,115.1,15,0.20829499999999998
29.333333333333332,82.2,148.7,33,0.3526866666666666
29.444444444444443,83.1,149.8,34,0.36143888888888887
29.944444444444443,77.1,99.0,21,0.2695738888888889
29.444444444444443,77.5,117.0,16,0.22643888888888886
30.27777777777778,74.0,207.8,10,0.19083055555555556
31.11111111111111,69.7,243.4,9,0.19272222222222227
31.444444444444443,65.1,214.5,16,0.24897888888888886
26.444444444444443,94.8,41.9,26,0.26762888888888886
29.5,80.2,153.2,33,0.35456499999999996
30.61111111111111,73.2,148.5,19,0.26208722222222225
29.27777777777778,81.1,190.8,23,0.27706055555555553
31.055555555555557,72.9,180.3,26,0.31959611111111114
27.22222222222222,92.4,83.6,9,0.14889444444444444
28.111111111111107,89.1,167.6,11,0.1739122222222222
29.61111111111111,84.0,190.6,36,0.37831722222222225
29.333333333333332,83.4,183.6,28,0.3151866666666666
30.11111111111111,79.4,197.9,38,0.3989522222222222
29.944444444444443,79.8,237.9,33,0.35957388888888886
30.77777777777778,75.0,229.7,15,0.23396555555555554
30.666666666666668,76.7,220.0,33,0.36771333333333334
29.72222222222222,82.2,156.5,21,0.2670694444444444
28.77777777777778,85.6,153.0,5,0.13642555555555555
28.22222222222222,86.6,176.1,23,0.2651644444444444
27.38888888888889,89.7,65.2,9,0.15077277777777776
27.277777777777775,92.6,136.0,25,0.2695205555555555
27.5,92.1,181.0,17,0.21202500000000002
30.0,82.8,173.4,21,0.2702
28.22222222222222,91.5,141.8,30,0.3176644444444444
29.38888888888889,81.6,156.5,10,0.18081277777777777
27.722222222222225,85.4,69.8,6,0.13202944444444453
25.777777777777782,92.3,58.8,35,0.32761555555555566
26.166666666666664,93.3,65.1,22,0.2344983333333333
26.444444444444443,91.2,129.2,26,0.26762888888888886
28.055555555555557,85.7,214.1,38,0.3757861111111111
28.5,83.2,167.9,24,0.275795
29.77777777777778,78.2,142.5,14,0.21519555555555556
28.88888888888889,82.0,190.8,13,0.19767777777777773
30.055555555555557,73.8,210.9,8,0.17332611111111113
30.27777777777778,76.4,220.9,6,0.16083055555555556
30.0,75.6,235.4,36,0.38270000000000004
29.555555555555557,70.7,224.9,5,0.14519111111111113
29.555555555555557,69.6,217.0,23,0.2801911111111111
30.61111111111111,67.2,181.2,8,0.17958722222222223
30.77777777777778,68.2,219.1,8,0.18146555555555555
31.055555555555557,64.3,233.7,38,0.4095961111111111
30.944444444444443,68.1,224.1,10,0.19834388888888888
29.88888888888889,75.8,214.5,30,0.33644777777777773
29.0,80.3,204.9,7,0.15392999999999998
30.833333333333332,71.4,209.8,31,0.3545916666666666
30.72222222222222,69.4,227.9,16,0.24083944444444444
30.22222222222222,66.6,233.3,17,0.24270444444444444
30.555555555555557,64.8,220.4,37,0.39646111111111115
30.27777777777778,58.6,244.5,14,0.22083055555555556
29.72222222222222,62.1,247.0,26,0.30456944444444445
29.88888888888889,63.3,244.0,32,0.35144777777777775
30.22222222222222,65.8,245.4,37,0.39270444444444447
31.833333333333332,64.1,235.5,15,0.24586166666666662
31.77777777777778,67.8,204.6,9,0.20023555555555556
31.38888888888889,67.6,204.2,15,0.24085277777777772
27.722222222222225,83.2,186.3,9,0.15452944444444452
28.444444444444443,79.9,185.4,28,0.3051688888888889
28.555555555555557,81.0,177.2,29,0.3139211111111111
28.444444444444443,78.5,190.4,7,0.14766888888888888
29.166666666666668,73.5,214.9,38,0.38830833333333337
28.88888888888889,74.5,215.7,8,0.16017777777777772
23.444444444444443,89.1,110.1,7,0.09131888888888887
23.22222222222222,88.5,123.4,39,0.3288144444444444
22.722222222222225,86.6,165.8,30,0.2556794444444445
24.111111111111114,77.4,214.2,34,0.3013322222222223
23.72222222222222,72.9,216.3,25,0.22944944444444443
24.111111111111114,73.8,209.8,26,0.24133222222222228
25.33333333333333,70.5,226.2,39,0.35260666666666657
25.222222222222225,69.0,224.7,23,0.2313544444444445
25.38888888888889,62.8,225.9,27,0.26323277777777776
24.88888888888889,63.4,221.6,11,0.13759777777777774
24.72222222222222,64.7,222.5,20,0.20321944444444442
25.055555555555554,68.5,216.3,15,0.1694761111111111
25.888888888888886,69.2,199.1,37,0.34386777777777777
26.166666666666664,69.9,192.2,37,0.3469983333333333
26.444444444444443,68.8,198.6,20,0.22262888888888888
26.666666666666668,67.3,165.0,16,0.19513333333333338
25.555555555555557,72.7,192.2,20,0.21261111111111114
24.222222222222218,65.8,211.2,18,0.18258444444444435
23.555555555555557,64.9,208.1,29,0.25757111111111114
23.833333333333336,63.5,206.3,39,0.3357016666666667
24.166666666666668,61.3,208.0,28,0.2569583333333334
23.277777777777782,68.5,150.5,28,0.24694055555555564
22.83333333333333,71.0,143.1,20,0.1819316666666666
23.22222222222222,73.8,185.4,22,0.20131444444444443
23.666666666666664,81.6,89.2,7,0.09382333333333331
24.66666666666667,81.3,150.5,13,0.15009333333333338
23.88888888888889,76.4,191.7,25,0.23132777777777774
23.166666666666668,64.4,197.8,19,0.17818833333333337
22.88888888888889,55.0,200.9,35,0.29505777777777775
23.61111111111111,60.0,167.2,5,0.07819722222222225
23.88888888888889,68.7,188.6,12,0.13382777777777774
20.222222222222225,55.2,203.2,27,0.20500444444444452
19.555555555555557,60.1,198.7,20,0.15
18.555555555555557,56.6,200.9,23,0.1725
18.77777777777778,56.7,198.0,16,0.12
18.333333333333332,61.3,195.9,39,0.2925
18.388888888888886,62.0,194.4,27,0.2025
18.72222222222222,59.2,193.1,39,0.2925
17.77777777777778,70.2,191.4,12,0.09
17.72222222222222,61.1,190.4,17,0.1275
18.000000000000004,61.7,189.7,35,0.2625
17.88888888888889,60.4,189.1,11,0.0825
17.333333333333332,61.7,185.2,14,0.105
17.27777777777778,68.8,180.9,32,0.24
18.388888888888886,69.7,178.3,8,0.06
19.0,71.4,176.7,6,0.045
18.88888888888889,72.6,171.8,32,0.24
18.055555555555557,72.0,172.9,14,0.105
17.61111111111111,69.7,174.7,21,0.1575
17.166666666666668,69.7,174.4,37,0.2775
16.333333333333332,68.7,175.8,38,0.285
16.11111111111111,65.7,175.4,17,0.1275
16.555555555555557,67.3,175.4,29,0.2175
16.61111111111111,70.4,168.9,34,0.255
17.444444444444443,63.7,167.9,36,0.27
15.777777777777779,61.8,166.9,14,0.105
15.555555555555555,61.3,175.2,19,0.1425
16.944444444444443,63.9,166.5,31,0.23249999999999998
14.833333333333334,65.8,173.9,34,0.255
13.833333333333334,66.2,172.3,25,0.1875
13.722222222222223,66.8,169.2,9,0.0675
14.833333333333334,64.6,166.3,23,0.1725
15.277777777777779,65.5,166.0,9,0.0675
16.38888888888889,61.6,166.7,33,0.24749999999999997
16.166666666666668,60.1,169.2,31,0.23249999999999998
16.166666666666668,61.5,166.4,35,0.2625
16.0,68.6,164.4,32,0.24
16.0,68.9,162.9,33,0.24749999999999997
16.61111111111111,72.7,157.9,7,0.0525
16.27777777777778,82.2,154.3,26,0.195
14.833333333333334,83.8,163.9,12,0.09
15.555555555555555,73.1,164.2,11,0.0825
15.666666666666666,74.0,163.5,30,0.22499999999999998
13.666666666666666,90.0,153.3,15,0.11249999999999999
13.277777777777779,88.2,160.3,19,0.1425
11.88888888888889,90.6,151.4,18,0.135
13.277777777777779,90.2,114.4,39,0.2925
14.333333333333334,85.1,114.7,21,0.1575
14.5,85.0,161.2,35,0.2625
14.555555555555555,75.3,164.4,35,0.2625
14.166666666666666,68.6,165.2,11,0.0825
14.333333333333334,74.5,144.7,36,0.27
13.88888888888889,78.7,150.7,9,0.0675
13.833333333333334,80.0,156.2,29,0.2175
12.944444444444443,89.3,137.7,5,0.0375
12.777777777777779,85.3,147.1,32,0.24
10.999999999999998,93.8,134.1,11,0.0825
12.888888888888891,88.9,102.5,5,0.0375
13.499999999999998,81.4,135.3,17,0.1275
12.166666666666666,81.1,121.5,18,0.135
11.722222222222221,83.7,128.5,34,0.255
11.777777777777779,81.0,165.8,36,0.27
10.333333333333334,91.2,161.6,33,0.24749999999999997
10.666666666666668,85.7,168.2,38,0.285
10.055555555555555,82.7,141.0,14,0.105
11.777777777777779,78.1,135.6,18,0.135
10.555555555555555,79.5,171.7,20,0.15
9.5,80.6,177.3,28,0.21
9.833333333333336,72.1,179.3,23,0.1725
11.11111111111111,72.1,178.6,29,0.2175
9.833333333333336,78.4,178.0,13,0.0975
9.611111111111109,82.9,142.7,30,0.22499999999999998
11.944444444444445,71.9,176.4,22,0.165
14.222222222222221,74.3,154.2,35,0.2625
14.944444444444445,79.4,171.9,15,0.11249999999999999
16.333333333333332,70.4,167.4,13,0.0975
15.277777777777779,74.7,179.6,34,0.255
15.0,73.4,184.5,17,0.1275
16.444444444444443,69.8,185.5,22,0.165
15.555555555555555,84.9,85.8,12,0.09
12.666666666666664,59.7,156.8,32,0.24
10.999999999999998,69.0,190.7,35,0.2625
12.666666666666664,67.9,190.3,14,0.105
13.11111111111111,86.3,118.8,12,0.09
14.5,90.2,113.5,9,0.0675
12.611111111111112,91.4,191.8,19,0.1425
13.833333333333334,78.9,154.5,18,0.135
14.333333333333334,80.9,174.2,21,0.1575
16.11111111111111,70.8,206.2,9,0.0675
16.27777777777778,59.0,212.1,35,0.2625
15.055555555555555,54.9,212.1,38,0.285
16.27777777777778,53.3,208.5,37,0.2775
16.944444444444443,60.3,209.9,9,0.0675
18.277777777777782,63.2,195.2,31,0.23249999999999998
19.388888888888893,60.3,210.1,30,0.22499999999999998
18.444444444444443,59.9,216.1,28,0.21
17.83333333333333,52.1,221.6,29,0.2175
17.38888888888889,51.2,216.1,19,0.1425
18.666666666666664,52.7,206.2,33,0.24749999999999997
19.72222222222222,59.8,199.2,20,0.15
19.833333333333332,60.8,221.0,25,0.1875
20.222222222222225,58.1,212.4,30,0.22750444444444448
19.72222222222222,56.9,196.0,16,0.12
20.444444444444443,68.6,170.6,25,0.19250888888888887
19.555555555555557,65.7,210.3,19,0.1425
17.444444444444443,75.0,218.3,28,0.21
18.277777777777782,66.5,231.1,5,0.0375
18.88888888888889,68.9,233.7,25,0.1875
19.88888888888889,63.0,200.5,7,0.0525
23.5,57.1,204.2,11,0.121945
21.833333333333332,63.8,103.4,36,0.29066166666666665
21.38888888888889,67.9,145.1,34,0.27065277777777774
21.611111111111114,76.2,184.9,28,0.22815722222222226
20.166666666666668,61.4,246.4,16,0.12187833333333338
20.888888888888886,50.3,242.2,27,0.21251777777777775
21.0,55.9,247.5,8,0.07127
17.555555555555557,50.6,259.7,35,0.2625
18.72222222222222,41.6,258.0,37,0.2775
19.88888888888889,48.7,255.3,9,0.0675
21.611111111111114,50.5,258.6,11,0.10065722222222226
23.72222222222222,51.6,253.0,34,0.29694944444444443
24.444444444444443,50.2,242.2,38,0.3350888888888888
25.500000000000004,53.3,240.9,7,0.114485
24.444444444444443,63.2,252.3,34,0.30508888888888885
25.33333333333333,56.8,249.0,9,0.12760666666666662
25.444444444444443,56.1,242.0,10,0.13635888888888886
24.88888888888889,50.7,244.6,39,0.34759777777777773
23.833333333333336,55.1,249.3,17,0.1707016666666667
22.77777777777778,59.4,255.5,26,0.22630555555555557
22.555555555555554,57.4,273.1,39,0.3213011111111111
23.944444444444443,49.6,267.7,32,0.28445388888888884
25.11111111111111,47.6,265.3,23,0.23010222222222224
24.0,49.7,277.3,36,0.31508
24.333333333333332,49.5,264.4,19,0.1913366666666666
25.222222222222225,45.2,281.1,38,0.34385444444444446
26.11111111111111,43.3,280.8,14,0.17387222222222226
27.555555555555554,38.5,281.4,13,0.18265111111111113
29.22222222222222,36.7,282.8,23,0.2764344444444444
28.944444444444443,36.9,270.5,17,0.22830388888888886
25.27777777777778,33.8,294.9,12,0.14948055555555556
22.38888888888889,28.3,255.8,26,0.22192277777777775
24.055555555555557,30.4,298.2,36,0.31570611111111113
25.444444444444443,31.5,298.8,12,0.15135888888888888
25.944444444444443,29.6,301.8,29,0.2844938888888889
26.444444444444443,32.9,301.5,29,0.2901288888888889
28.333333333333332,30.5,294.1,21,0.2514166666666666
29.61111111111111,26.7,296.8,21,0.26581722222222226
28.166666666666668,32.5,300.6,38,0.37703833333333336
28.944444444444443,34.6,299.0,16,0.22080388888888886
31.166666666666668,33.5,294.8,29,0.34334833333333337
32.27777777777778,33.5,294.2,22,0.3033705555555556
33.333333333333336,39.1,279.3,11,0.23276666666666668
32.22222222222222,35.8,256.6,37,0.4152444444444444
27.16666666666667,58.1,268.3,5,0.11826833333333339
26.944444444444443,52.9,277.6,31,0.31076388888888884
29.333333333333332,40.2,266.4,17,0.2326866666666666
29.77777777777778,43.4,296.2,19,0.25269555555555556
30.72222222222222,41.0,272.0,23,0.29333944444444443
31.77777777777778,39.7,272.3,28,0.34273555555555557
33.05555555555556,36.3,287.1,29,0.36463611111111116
32.22222222222222,45.6,298.0,39,0.43024444444444443
31.666666666666668,47.4,285.5,22,0.2964833333333334
32.44444444444444,46.9,267.5,39,0.43274888888888885
32.888888888888886,30.7,304.5,7,0.19775777777777773
31.166666666666668,18.1,326.1,35,0.3883483333333334
30.833333333333332,19.8,326.6,11,0.20459166666666662
32.05555555555556,19.7,323.0,22,0.3008661111111111
32.666666666666664,22.6,323.3,31,0.37525333333333327
32.27777777777778,23.9,291.2,19,0.2808705555555555
33.166666666666664,21.4,305.1,30,0.37338833333333327
32.94444444444444,29.2,306.7,31,0.37838388888888885
30.666666666666668,42.4,310.8,32,0.3602133333333334
31.333333333333332,45.3,302.3,24,0.3077266666666666
32.166666666666664,47.3,287.7,19,0.2796183333333333
25.38888888888889,70.8,273.3,26,0.25573277777777775
28.166666666666668,63.9,292.7,19,0.23453833333333335
30.27777777777778,53.9,276.5,28,0.32583055555555557
27.666666666666668,56.9,257.5,10,0.1614033333333334
29.0,55.0,279.0,7,0.15392999999999998
29.27777777777778,57.5,262.4,17,0.23206055555555555
30.61111111111111,54.2,262.3,9,0.18708722222222224
30.944444444444443,53.9,274.4,12,0.21334388888888886
29.77777777777778,61.3,263.9,18,0.24519555555555556
31.166666666666668,53.1,310.4,33,0.37334833333333334
32.44444444444444,38.3,305.5,27,0.3427488888888889
31.555555555555557,40.9,310.3,17,0.25773111111111113
32.72222222222222,39.3,317.8,10,0.2183794444444444
33.94444444444444,31.8,326.4,20,0.30715388888888884
33.77777777777778,37.7,311.2,29,0.3727755555555555
33.666666666666664,37.6,290.9,11,0.2365233333333333
35.05555555555556,38.7,311.5,34,0.42467611111111114
34.05555555555556,54.5,305.8,8,0.2184061111111111
34.77777777777778,52.1,314.2,13,0.26404555555555553
33.5,56.2,302.1,19,0.29464499999999993
29.38888888888889,59.2,282.1,6,0.15081277777777774
31.72222222222222,58.3,304.6,11,0.2146094444444444
33.611111111111114,52.4,285.9,7,0.20589722222222226
26.944444444444443,78.1,246.2,32,0.31826388888888885
29.833333333333332,73.5,261.8,16,0.2308216666666666
32.0,63.4,264.8,12,0.22524
33.55555555555556,61.5,288.3,13,0.2502711111111111
32.833333333333336,56.9,259.5,16,0.2646316666666667
31.055555555555557,54.2,259.5,6,0.16959611111111111
32.0,49.5,294.7,6,0.18024
29.944444444444443,55.9,254.3,14,0.21707388888888884
30.055555555555557,52.6,281.1,16,0.23332611111111112
29.166666666666668,52.5,273.3,14,0.20830833333333337
29.11111111111111,55.0,248.1,31,0.33518222222222227
30.61111111111111,48.4,278.9,30,0.3445872222222222
32.5,49.5,281.8,26,0.33587500000000003
34.22222222222222,45.6,301.7,24,0.3402844444444444
36.27777777777778,40.6,300.2,22,0.34845055555555554
37.0,34.7,314.8,31,0.42408999999999997
36.94444444444444,27.1,319.9,36,0.46096388888888884
37.27777777777778,35.3,312.9,13,0.29222055555555554
36.888888888888886,49.7,295.4,33,0.43783777777777777
35.333333333333336,54.3,276.5,14,0.2778066666666667
35.72222222222222,54.9,290.9,15,0.28968944444444444
32.05555555555556,62.7,252.0,11,0.2183661111111111
31.5,65.4,163.9,20,0.279605
29.27777777777778,81.0,153.6,28,0.31456055555555557
29.555555555555557,80.5,167.5,32,0.3476911111111111
31.166666666666668,72.5,187.4,27,0.32834833333333335
30.444444444444443,75.5,158.0,22,0.2827088888888889
31.77777777777778,72.5,220.1,37,0.4102355555555556
32.0,71.4,232.4,9,0.20274
31.72222222222222,72.5,199.6,18,0.2671094444444444
31.27777777777778,77.1,231.9,25,0.31460055555555555
31.333333333333332,80.4,137.3,36,0.3977266666666667
32.94444444444444,67.9,225.8,21,0.3033838888888889
33.5,63.0,224.0,18,0.287145
30.72222222222222,74.4,212.5,21,0.2783394444444444
28.333333333333332,85.9,120.0,33,0.3414166666666666
27.555555555555554,90.4,120.3,9,0.15265111111111113
29.666666666666668,80.3,165.7,30,0.33394333333333337
31.444444444444443,74.5,224.6,27,0.3314788888888889
32.0,73.5,194.7,23,0.30774
30.833333333333332,78.9,203.8,18,0.2570916666666666
31.72222222222222,76.0,207.8,8,0.19210944444444442
31.11111111111111,79.9,180.7,13,0.22272222222222227
28.833333333333332,81.0,150.7,37,0.3770516666666667
31.833333333333332,72.7,213.7,10,0.2083616666666666
29.11111111111111,80.9,181.8,28,0.31268222222222225
26.833333333333332,91.5,92.1,30,0.30201166666666657
28.88888888888889,84.3,191.7,29,0.3176777777777777
29.444444444444443,83.2,240.1,11,0.18893888888888888
28.944444444444443,84.5,182.0,8,0.16080388888888886
28.166666666666668,87.6,167.3,8,0.1520383333333334
28.833333333333332,82.3,189.6,32,0.3395516666666666
29.166666666666668,85.3,171.5,39,0.3958083333333334
29.333333333333332,80.7,78.6,35,0.3676866666666666
28.555555555555557,84.5,224.2,29,0.3139211111111111
29.833333333333332,74.0,212.0,8,0.1708216666666666
30.88888888888889,70.8,222.0,33,0.3702177777777777
29.555555555555557,80.6,72.5,7,0.16019111111111112
28.72222222222222,86.6,164.1,28,0.3082994444444444
28.666666666666668,87.1,78.4,38,0.38267333333333337
31.11111111111111,74.6,243.7,28,0.33522222222222225
32.44444444444444,70.7,248.0,20,0.2902488888888889
31.5,72.4,189.4,19,0.272105
31.944444444444443,72.1,212.1,32,0.37461388888888886
31.166666666666668,77.2,225.3,15,0.23834833333333336
28.333333333333332,90.4,134.3,9,0.16141666666666662
28.5,90.5,97.7,33,0.34329499999999996
27.16666666666667,96.2,69.0,37,0.3582683333333334
28.5,85.5,115.1,31,0.328295
29.333333333333332,82.2,148.7,10,0.1801866666666666
29.444444444444443,83.1,149.8,28,0.3164388888888888
29.944444444444443,77.1,99.0,10,0.18707388888888887
29.444444444444443,77.5,117.0,31,0.33893888888888885
30.27777777777778,74.0,207.8,27,0.31833055555555556
31.11111111111111,69.7,243.4,39,0.4177222222222222
31.444444444444443,65.1,214.5,39,0.42147888888888885
26.444444444444443,94.8,41.9,22,0.2376288888888889
29.5,80.2,153.2,7,0.15956499999999998
30.61111111111111,73.2,148.5,10,0.19458722222222224
29.27777777777778,81.1,190.8,10,0.17956055555555556
31.055555555555557,72.9,180.3,16,0.24459611111111113
27.22222222222222,92.4,83.6,33,0.3288944444444444
28.111111111111107,89.1,167.6,15,0.20391222222222216
29.61111111111111,84.0,190.6,34,0.36331722222222224
29.333333333333332,83.4,183.6,13,0.2026866666666666
30.11111111111111,79.4,197.9,20,0.26395222222222225
29.944444444444443,79.8,237.9,23,0.28457388888888885
30.77777777777778,75.0,229.7,22,0.2864655555555556
30.666666666666668,76.7,220.0,24,0.3002133333333334
29.72222222222222,82.2,156.5,8,0.16956944444444444
28.77777777777778,85.6,153.0,35,0.36142555555555556
28.22222222222222,86.6,176.1,22,0.2576644444444444
27.38888888888889,89.7,65.2,8,0.14327277777777775
27.277777777777775,92.6,136.0,22,0.2470205555555555
27.5,92.1,181.0,22,0.249525
30.0,82.8,173.4,36,0.38270000000000004
28.22222222222222,91.5,141.8,22,0.2576644444444444
29.38888888888889,81.6,156.5,18,0.24081277777777776
27.722222222222225,85.4,69.8,25,0.2745294444444445
25.777777777777782,92.3,58.8,18,0.20011555555555566
26.166666666666664,93.3,65.1,38,0.35449833333333325
26.444444444444443,91.2,129.2,32,0.31262888888888885
28.055555555555557,85.7,214.1,5,0.12828611111111113
28.5,83.2,167.9,38,0.380795
29.77777777777778,78.2,142.5,21,0.2676955555555556
28.88888888888889,82.0,190.8,34,0.3551777777777777
30.055555555555557,73.8,210.9,29,0.33082611111111115
30.27777777777778,76.4,220.9,37,0.39333055555555557
30.0,75.6,235.4,34,0.3677
29.555555555555557,70.7,224.9,24,0.2876911111111111
29.555555555555557,69.6,217.0,8,0.16769111111111112
30.61111111111111,67.2,181.2,10,0.19458722222222224
30.77777777777778,68.2,219.1,23,0.29396555555555554
31.055555555555557,64.3,233.7,11,0.20709611111111112
30.944444444444443,68.1,224.1,30,0.34834388888888884
29.88888888888889,75.8,214.5,13,0.20894777777777773
29.0,80.3,204.9,31,0.33392999999999995
30.833333333333332,71.4,209.8,7,0.1745916666666666
30.72222222222222,69.4,227.9,38,0.4058394444444444
30.22222222222222,66.6,233.3,39,0.4077044444444444
30.555555555555557,64.8,220.4,36,0.38896111111111115
30.27777777777778,58.6,244.5,31,0.34833055555555553
29.72222222222222,62.1,247.0,24,0.28956944444444443
29.88888888888889,63.3,244.0,12,0.20144777777777773
30.22222222222222,65.8,245.4,16,0.23520444444444444
31.833333333333332,64.1,235.5,29,0.3508616666666666
31.77777777777778,67.8,204.6,36,0.40273555555555557
31.38888888888889,67.6,204.2,17,0.2558527777777777
27.722222222222225,83.2,186.3,5,0.12452944444444453
28.444444444444443,79.9,185.4,12,0.18516888888888888
28.555555555555557,81.0,177.2,8,0.15642111111111112
28.444444444444443,78.5,190.4,33,0.34266888888888886
29.166666666666668,73.5,214.9,32,0.3433083333333334
28.88888888888889,74.5,215.7,13,0.19767777777777773
23.444444444444443,89.1,110.1,22,0.20381888888888888
23.22222222222222,88.5,123.4,14,0.14131444444444444
22.722222222222225,86.6,165.8,31,0.2631794444444445
24.111111111111114,77.4,214.2,6,0.09133222222222226
23.72222222222222,72.9,216.3,27,0.24444944444444444
24.111111111111114,73.8,209.8,31,0.27883222222222226
25.33333333333333,70.5,226.2,38,0.34510666666666656
25.222222222222225,69.0,224.7,7,0.1113544444444445
25.38888888888889,62.8,225.9,6,0.10573277777777773
24.88888888888889,63.4,221.6,6,0.10009777777777773
24.72222222222222,64.7,222.5,33,0.30071944444444443
25.055555555555554,68.5,216.3,39,0.3494761111111111
25.888888888888886,69.2,199.1,39,0.35886777777777773
26.166666666666664,69.9,192.2,22,0.2344983333333333
26.444444444444443,68.8,198.6,29,0.2901288888888889
26.666666666666668,67.3,165.0,15,0.18763333333333337
25.555555555555557,72.7,192.2,14,0.16761111111111113
24.222222222222218,65.8,211.2,5,0.08508444444444435
23.555555555555557,64.9,208.1,6,0.08507111111111113
23.833333333333336,63.5,206.3,28,0.25320166666666666
24.166666666666668,61.3,208.0,15,0.15945833333333337
23.277777777777782,68.5,150.5,19,0.17944055555555563
22.83333333333333,71.0,143.1,9,0.09943166666666661
23.22222222222222,73.8,185.4,38,0.3213144444444444
23.666666666666664,81.6,89.2,39,0.3338233333333333
24.66666666666667,81.3,150.5,8,0.11259333333333338
23.88888888888889,76.4,191.7,5,0.08132777777777775
23.166666666666668,64.4,197.8,21,0.19318833333333338
22.88888888888889,55.0,200.9,5,0.07005777777777775
23.61111111111111,60.0,167.2,32,0.28069722222222226
23.88888888888889,68.7,188.6,18,0.17882777777777775
20.222222222222225,55.2,203.2,18,0.1375044444444445
19.555555555555557,60.1,198.7,21,0.1575
18.555555555555557,56.6,200.9,38,0.285
18.77777777777778,56.7,198.0,9,0.0675
18.333333333333332,61.3,195.9,31,0.23249999999999998
18.388888888888886,62.0,194.4,28,0.21
18.72222222222222,59.2,193.1,8,0.06
17.77777777777778,70.2,191.4,30,0.22499999999999998
17.72222222222222,61.1,190.4,14,0.105
18.000000000000004,61.7,189.7,29,0.2175
17.88888888888889,60.4,189.1,27,0.2025
17.333333333333332,61.7,185.2,31,0.23249999999999998
17.27777777777778,68.8,180.9,31,0.23249999999999998
18.388888888888886,69.7,178.3,27,0.2025
19.0,71.4,176.7,32,0.24
18.88888888888889,72.6,171.8,36,0.27
18.055555555555557,72.0,172.9,32,0.24
17.61111111111111,69.7,174.7,16,0.12
17.166666666666668,69.7,174.4,15,0.11249999999999999
16.333333333333332,68.7,175.8,25,0.1875
16.11111111111111,65.7,175.4,18,0.135
16.555555555555557,67.3,175.4,14,0.105
16.61111111111111,70.4,168.9,39,0.2925
17.444444444444443,63.7,167.9,37,0.2775
15.777777777777779,61.8,166.9,37,0.2775
15.555555555555555,61.3,175.2,22,0.165
16.944444444444443,63.9,166.5,7,0.0525
14.833333333333334,65.8,173.9,19,0.1425
13.833333333333334,66.2,172.3,9,0.0675
13.722222222222223,66.8,169.2,27,0.2025
14.833333333333334,64.6,166.3,36,0.27
15.277777777777779,65.5,166.0,6,0.045
16.38888888888889,61.6,166.7,37,0.2775
16.166666666666668,60.1,169.2,22,0.165
16.166666666666668,61.5,166.4,6,0.045
16.0,68.6,164.4,26,0.195
16.0,68.9,162.9,26,0.195
16.61111111111111,72.7,157.9,27,0.2025
16.27777777777778,82.2,154.3,28,0.21
14.833333333333334,83.8,163.9,6,0.045
15.555555555555555,73.1,164.2,13,0.0975
15.666666666666666,74.0,163.5,28,0.21
13.666666666666666,90.0,153.3,38,0.285
13.277777777777779,88.2,160.3,7,0.0525
11.88888888888889,90.6,151.4,12,0.09
13.277777777777779,90.2,114.4,14,0.105
14.333333333333334,85.1,114.7,33,0.24749999999999997
14.5,85.0,161.2,10,0.075
14.555555555555555,75.3,164.4,24,0.18
14.166666666666666,68.6,165.2,35,0.2625
14.333333333333334,74.5,144.7,24,0.18
13.88888888888889,78.7,150.7,29,0.2175
13.833333333333334,80.0,156.2,11,0.0825
12.944444444444443,89.3,137.7,39,0.2925
12.777777777777779,85.3,147.1,39,0.2925
10.999999999999998,93.8,134.1,36,0.27
12.888888888888891,88.9,102.5,6,0.045
13.499999999999998,81.4,135.3,25,0.1875
12.166666666666666,81.1,121.5,21,0.1575
11.722222222222221,83.7,128.5,26,0.195
11.777777777777779,81.0,165.8,12,0.09
10.333333333333334,91.2,161.6,6,0.045
10.666666666666668,85.7,168.2,28,0.21
10.055555555555555,82.7,141.0,34,0.255
11.777777777777779,78.1,135.6,12,0.09
10.555555555555555,79.5,171.7,25,0.1875
9.5,80.6,177.3,7,0.0525
9.833333333333336,72.1,179.3,12,0.09
11.11111111111111,72.1,178.6,37,0.2775
9.833333333333336,78.4,178.0,6,0.045
9.611111111111109,82.9,142.7,12,0.09
11.944444444444445,71.9,176.4,14,0.105
14.222222222222221,74.3,154.2,39,0.2925
14.944444444444445,79.4,171.9,9,0.0675
16.333333333333332,70.4,167.4,15,0.11249999999999999
15.277777777777779,74.7,179.6,26,0.195
15.0,73.4,184.5,30,0.22499999999999998
16.444444444444443,69.8,185.5,30,0.22499999999999998
15.555555555555555,84.9,85.8,26,0.195
12.666666666666664,59.7,156.8,8,0.06
10.999999999999998,69.0,190.7,39,0.2925
12.666666666666664,67.9,190.3,34,0.255
13.11111111111111,86.3,118.8,33,0.24749999999999997
14.5,90.2,113.5,13,0.0975
12.611111111111112,91.4,191.8,9,0.0675
13.833333333333334,78.9,154.5,22,0.165
14.333333333333334,80.9,174.2,5,0.0375
16.555555555555557,76.1,167.9,6,0.045
13.722222222222223,93.2,171.2,11,0.0825
14.277777777777779,78.6,176.5,9,0.0675
14.722222222222221,74.5,185.2,28,0.21
15.777777777777779,55.4,188.3,16,0.12
